Date,DataDomain,Market,RecordsChecked,CompletenessPct,DuplicationPct,ErrorRatePct,Incidents,Escalations
2023-01-01,Client,France,8860,0.917,0.049,0.02,9,2
2023-01-01,Client,Italy,13334,0.905,0.053,0.02,7,2
2023-01-01,Client,USA,9685,0.905,0.046,0.028,1,3
2023-01-01,Client,UAE,14420,0.956,0.041,0.005,8,0
2023-01-01,Client,Japan,8474,0.955,0.017,0.012,14,2
2023-01-01,Product,France,9899,0.946,0.04,0.006,2,4
2023-01-01,Product,Italy,10888,0.906,0.057,0.029,1,1
2023-01-01,Product,USA,10824,0.901,0.022,0.011,11,3
2023-01-01,Product,UAE,10556,0.975,0.019,0.015,1,3
2023-01-01,Product,Japan,11073,0.938,0.02,0.019,12,1
2023-01-01,Pricing,France,14873,0.94,0.03,0.028,14,3
2023-01-01,Pricing,Italy,9016,0.987,0.052,0.024,14,4
2023-01-01,Pricing,USA,12887,0.932,0.024,0.019,8,4
2023-01-01,Pricing,UAE,10062,0.915,0.011,0.016,0,3
2023-01-01,Pricing,Japan,10695,0.9,0.051,0.023,2,2
2023-01-01,SupplyChain,France,14432,0.955,0.056,0.021,11,0
2023-01-01,SupplyChain,Italy,13959,0.94,0.015,0.014,13,4
2023-01-01,SupplyChain,USA,14242,0.953,0.024,0.019,2,4
2023-01-01,SupplyChain,UAE,13581,0.976,0.046,0.011,13,2
2023-01-01,SupplyChain,Japan,12488,0.964,0.016,0.016,2,0
2023-01-01,Finance,France,8563,0.951,0.045,0.008,6,4
2023-01-01,Finance,Italy,9678,0.968,0.021,0.007,10,2
2023-01-01,Finance,USA,11157,0.979,0.041,0.012,4,3
2023-01-01,Finance,UAE,13147,0.92,0.031,0.027,9,3
2023-01-01,Finance,Japan,13592,0.929,0.016,0.011,13,0
2023-02-01,Client,France,10675,0.932,0.025,0.009,10,0
2023-02-01,Client,Italy,12413,0.92,0.016,0.013,14,2
2023-02-01,Client,USA,11445,0.92,0.038,0.015,13,0
2023-02-01,Client,UAE,14585,0.987,0.023,0.017,0,4
2023-02-01,Client,Japan,11696,0.99,0.023,0.029,11,4
2023-02-01,Product,France,13855,0.982,0.022,0.009,11,1
2023-02-01,Product,Italy,13791,0.95,0.04,0.007,7,2
2023-02-01,Product,USA,12496,0.966,0.028,0.021,5,2
2023-02-01,Product,UAE,11582,0.908,0.052,0.013,5,4
2023-02-01,Product,Japan,9794,0.953,0.044,0.005,2,2
2023-02-01,Pricing,France,11219,0.958,0.019,0.022,6,1
2023-02-01,Pricing,Italy,10919,0.912,0.027,0.008,6,1
2023-02-01,Pricing,USA,13730,0.921,0.019,0.03,3,3
2023-02-01,Pricing,UAE,12976,0.922,0.015,0.027,4,2
2023-02-01,Pricing,Japan,10056,0.925,0.045,0.026,3,0
2023-02-01,SupplyChain,France,11991,0.977,0.057,0.025,7,3
2023-02-01,SupplyChain,Italy,8253,0.901,0.015,0.022,12,1
2023-02-01,SupplyChain,USA,14015,0.927,0.034,0.016,12,0
2023-02-01,SupplyChain,UAE,12067,0.964,0.022,0.013,3,2
2023-02-01,SupplyChain,Japan,12496,0.928,0.037,0.018,5,4
2023-02-01,Finance,France,8562,0.98,0.042,0.025,13,0
2023-02-01,Finance,Italy,14427,0.96,0.053,0.011,2,3
2023-02-01,Finance,USA,12642,0.969,0.012,0.03,13,4
2023-02-01,Finance,UAE,9069,0.982,0.029,0.005,7,4
2023-02-01,Finance,Japan,14640,0.95,0.039,0.03,3,4
2023-03-01,Client,France,8980,0.917,0.023,0.017,1,0
2023-03-01,Client,Italy,13854,0.976,0.057,0.007,1,1
2023-03-01,Client,USA,8154,0.927,0.026,0.026,8,2
2023-03-01,Client,UAE,12341,0.932,0.025,0.025,2,1
2023-03-01,Client,Japan,13016,0.955,0.014,0.005,3,4
2023-03-01,Product,France,12115,0.958,0.045,0.025,11,2
2023-03-01,Product,Italy,14614,0.902,0.039,0.016,14,2
2023-03-01,Product,USA,11736,0.914,0.059,0.026,9,0
2023-03-01,Product,UAE,9715,0.903,0.025,0.018,4,0
2023-03-01,Product,Japan,14407,0.969,0.021,0.021,3,4
2023-03-01,Pricing,France,8991,0.948,0.037,0.021,3,4
2023-03-01,Pricing,Italy,12465,0.946,0.026,0.025,14,2
2023-03-01,Pricing,USA,11675,0.967,0.023,0.01,13,0
2023-03-01,Pricing,UAE,9931,0.937,0.019,0.009,1,0
2023-03-01,Pricing,Japan,12583,0.984,0.042,0.018,14,4
2023-03-01,SupplyChain,France,14933,0.966,0.012,0.019,2,4
2023-03-01,SupplyChain,Italy,10744,0.931,0.015,0.007,13,3
2023-03-01,SupplyChain,USA,12548,0.943,0.015,0.017,6,3
2023-03-01,SupplyChain,UAE,13408,0.942,0.042,0.006,5,4
2023-03-01,SupplyChain,Japan,10849,0.923,0.011,0.028,0,4
2023-03-01,Finance,France,12611,0.955,0.057,0.029,11,2
2023-03-01,Finance,Italy,8851,0.952,0.029,0.021,0,4
2023-03-01,Finance,USA,10738,0.974,0.041,0.026,7,1
2023-03-01,Finance,UAE,9066,0.918,0.013,0.008,1,4
2023-03-01,Finance,Japan,10546,0.956,0.027,0.021,12,1
2023-04-01,Client,France,9625,0.931,0.023,0.017,9,4
2023-04-01,Client,Italy,13745,0.957,0.054,0.023,4,4
2023-04-01,Client,USA,10808,0.949,0.031,0.019,2,0
2023-04-01,Client,UAE,9122,0.937,0.029,0.024,7,4
2023-04-01,Client,Japan,11851,0.939,0.048,0.024,8,0
2023-04-01,Product,France,11952,0.945,0.051,0.013,10,2
2023-04-01,Product,Italy,14320,0.905,0.058,0.026,8,3
2023-04-01,Product,USA,8717,0.961,0.034,0.017,4,4
2023-04-01,Product,UAE,12491,0.93,0.044,0.024,6,0
2023-04-01,Product,Japan,9062,0.908,0.035,0.006,14,1
2023-04-01,Pricing,France,9156,0.966,0.037,0.023,14,3
2023-04-01,Pricing,Italy,8953,0.956,0.015,0.007,12,1
2023-04-01,Pricing,USA,13512,0.974,0.045,0.007,4,2
2023-04-01,Pricing,UAE,11719,0.934,0.029,0.025,14,0
2023-04-01,Pricing,Japan,9324,0.968,0.029,0.007,12,3
2023-04-01,SupplyChain,France,13301,0.963,0.022,0.013,13,2
2023-04-01,SupplyChain,Italy,12268,0.901,0.033,0.006,11,4
2023-04-01,SupplyChain,USA,8894,0.958,0.047,0.02,13,0
2023-04-01,SupplyChain,UAE,9214,0.943,0.014,0.018,4,1
2023-04-01,SupplyChain,Japan,11627,0.988,0.038,0.013,5,4
2023-04-01,Finance,France,12298,0.983,0.023,0.022,8,1
2023-04-01,Finance,Italy,14190,0.957,0.045,0.016,4,2
2023-04-01,Finance,USA,10703,0.966,0.056,0.029,7,3
2023-04-01,Finance,UAE,8667,0.93,0.018,0.021,7,1
2023-04-01,Finance,Japan,8539,0.907,0.059,0.03,5,0
2023-05-01,Client,France,13320,0.928,0.051,0.022,12,4
2023-05-01,Client,Italy,9581,0.907,0.057,0.015,4,0
2023-05-01,Client,USA,14593,0.907,0.054,0.019,4,0
2023-05-01,Client,UAE,12469,0.973,0.059,0.009,4,1
2023-05-01,Client,Japan,12158,0.935,0.051,0.019,0,1
2023-05-01,Product,France,10152,0.937,0.024,0.006,5,3
2023-05-01,Product,Italy,10000,0.948,0.047,0.028,6,4
2023-05-01,Product,USA,11636,0.985,0.052,0.011,13,0
2023-05-01,Product,UAE,13997,0.923,0.024,0.01,0,0
2023-05-01,Product,Japan,12583,0.956,0.028,0.008,9,1
2023-05-01,Pricing,France,8673,0.943,0.052,0.013,0,3
2023-05-01,Pricing,Italy,8388,0.908,0.05,0.02,14,4
2023-05-01,Pricing,USA,14996,0.958,0.05,0.028,11,1
2023-05-01,Pricing,UAE,14949,0.955,0.042,0.019,2,1
2023-05-01,Pricing,Japan,9331,0.949,0.033,0.028,13,1
2023-05-01,SupplyChain,France,10128,0.985,0.017,0.028,9,0
2023-05-01,SupplyChain,Italy,11579,0.906,0.012,0.021,1,4
2023-05-01,SupplyChain,USA,14269,0.957,0.022,0.007,8,2
2023-05-01,SupplyChain,UAE,11445,0.963,0.019,0.022,8,2
2023-05-01,SupplyChain,Japan,9887,0.943,0.043,0.009,9,2
2023-05-01,Finance,France,13124,0.931,0.027,0.006,5,0
2023-05-01,Finance,Italy,14788,0.941,0.02,0.014,13,1
2023-05-01,Finance,USA,13932,0.929,0.015,0.017,5,2
2023-05-01,Finance,UAE,10878,0.934,0.01,0.027,7,0
2023-05-01,Finance,Japan,13986,0.917,0.02,0.014,5,1
2023-06-01,Client,France,12123,0.933,0.033,0.024,13,2
2023-06-01,Client,Italy,13431,0.912,0.044,0.026,10,3
2023-06-01,Client,USA,11345,0.94,0.037,0.011,8,4
2023-06-01,Client,UAE,10075,0.902,0.026,0.01,9,3
2023-06-01,Client,Japan,12632,0.98,0.04,0.022,2,0
2023-06-01,Product,France,10156,0.943,0.039,0.023,14,0
2023-06-01,Product,Italy,14891,0.911,0.024,0.014,9,1
2023-06-01,Product,USA,11514,0.932,0.059,0.02,0,4
2023-06-01,Product,UAE,10709,0.92,0.028,0.017,13,2
2023-06-01,Product,Japan,11517,0.926,0.019,0.027,6,2
2023-06-01,Pricing,France,8242,0.902,0.045,0.03,5,1
2023-06-01,Pricing,Italy,8467,0.987,0.053,0.025,0,2
2023-06-01,Pricing,USA,14717,0.984,0.038,0.019,2,4
2023-06-01,Pricing,UAE,13764,0.917,0.026,0.016,0,3
2023-06-01,Pricing,Japan,12208,0.948,0.045,0.024,5,4
2023-06-01,SupplyChain,France,9917,0.914,0.034,0.018,0,1
2023-06-01,SupplyChain,Italy,10039,0.912,0.013,0.03,12,1
2023-06-01,SupplyChain,USA,9619,0.923,0.044,0.024,10,2
2023-06-01,SupplyChain,UAE,11677,0.91,0.053,0.024,1,4
2023-06-01,SupplyChain,Japan,8375,0.989,0.02,0.014,0,3
2023-06-01,Finance,France,13951,0.97,0.051,0.024,11,2
2023-06-01,Finance,Italy,12820,0.917,0.022,0.021,13,3
2023-06-01,Finance,USA,8600,0.979,0.03,0.025,6,2
2023-06-01,Finance,UAE,14565,0.949,0.032,0.019,0,0
2023-06-01,Finance,Japan,11054,0.935,0.037,0.028,2,2
2023-07-01,Client,France,8197,0.985,0.041,0.013,3,4
2023-07-01,Client,Italy,13408,0.948,0.055,0.025,5,0
2023-07-01,Client,USA,9120,0.964,0.049,0.009,3,1
2023-07-01,Client,UAE,12612,0.979,0.027,0.026,14,3
2023-07-01,Client,Japan,13996,0.911,0.03,0.025,4,4
2023-07-01,Product,France,14190,0.937,0.049,0.005,2,2
2023-07-01,Product,Italy,9955,0.949,0.023,0.014,10,1
2023-07-01,Product,USA,10919,0.953,0.03,0.017,13,2
2023-07-01,Product,UAE,10443,0.982,0.017,0.008,0,3
2023-07-01,Product,Japan,10730,0.984,0.038,0.022,7,4
2023-07-01,Pricing,France,13959,0.959,0.049,0.014,8,2
2023-07-01,Pricing,Italy,11533,0.984,0.056,0.016,13,4
2023-07-01,Pricing,USA,11476,0.915,0.019,0.026,0,2
2023-07-01,Pricing,UAE,13031,0.955,0.029,0.024,9,3
2023-07-01,Pricing,Japan,14456,0.9,0.027,0.015,8,1
2023-07-01,SupplyChain,France,10122,0.983,0.033,0.017,10,0
2023-07-01,SupplyChain,Italy,14783,0.92,0.033,0.009,7,0
2023-07-01,SupplyChain,USA,9990,0.915,0.012,0.013,12,2
2023-07-01,SupplyChain,UAE,12757,0.92,0.021,0.018,0,3
2023-07-01,SupplyChain,Japan,11432,0.913,0.031,0.007,12,0
2023-07-01,Finance,France,12422,0.954,0.013,0.024,10,2
2023-07-01,Finance,Italy,11389,0.918,0.02,0.006,13,2
2023-07-01,Finance,USA,10065,0.926,0.046,0.018,5,3
2023-07-01,Finance,UAE,13232,0.936,0.038,0.009,0,4
2023-07-01,Finance,Japan,12150,0.985,0.029,0.012,13,1
2023-08-01,Client,France,11451,0.972,0.059,0.026,6,4
2023-08-01,Client,Italy,11079,0.902,0.021,0.011,10,4
2023-08-01,Client,USA,8327,0.909,0.05,0.009,0,3
2023-08-01,Client,UAE,11054,0.965,0.05,0.03,7,2
2023-08-01,Client,Japan,11983,0.936,0.043,0.01,14,1
2023-08-01,Product,France,14150,0.957,0.047,0.026,12,2
2023-08-01,Product,Italy,13667,0.958,0.045,0.028,4,3
2023-08-01,Product,USA,11594,0.923,0.029,0.02,11,3
2023-08-01,Product,UAE,14404,0.931,0.049,0.014,4,3
2023-08-01,Product,Japan,13986,0.985,0.048,0.009,9,2
2023-08-01,Pricing,France,12223,0.916,0.034,0.018,8,1
2023-08-01,Pricing,Italy,8236,0.936,0.021,0.021,13,3
2023-08-01,Pricing,USA,14809,0.947,0.019,0.012,10,1
2023-08-01,Pricing,UAE,10175,0.911,0.039,0.012,0,4
2023-08-01,Pricing,Japan,13497,0.965,0.015,0.009,10,0
2023-08-01,SupplyChain,France,8645,0.966,0.023,0.021,4,1
2023-08-01,SupplyChain,Italy,9708,0.975,0.03,0.024,13,1
2023-08-01,SupplyChain,USA,11067,0.986,0.019,0.007,2,1
2023-08-01,SupplyChain,UAE,12124,0.935,0.024,0.014,0,2
2023-08-01,SupplyChain,Japan,10854,0.955,0.057,0.015,7,4
2023-08-01,Finance,France,13408,0.924,0.037,0.009,3,2
2023-08-01,Finance,Italy,11920,0.945,0.04,0.013,9,1
2023-08-01,Finance,USA,9524,0.931,0.028,0.015,12,2
2023-08-01,Finance,UAE,9639,0.939,0.022,0.025,4,3
2023-08-01,Finance,Japan,8171,0.987,0.01,0.008,4,3
2023-09-01,Client,France,12090,0.987,0.05,0.022,0,3
2023-09-01,Client,Italy,9341,0.986,0.048,0.021,0,4
2023-09-01,Client,USA,10421,0.957,0.059,0.028,11,2
2023-09-01,Client,UAE,11993,0.905,0.043,0.006,6,0
2023-09-01,Client,Japan,11990,0.95,0.034,0.013,14,4
2023-09-01,Product,France,12232,0.917,0.016,0.016,12,1
2023-09-01,Product,Italy,11294,0.978,0.052,0.013,9,0
2023-09-01,Product,USA,9182,0.933,0.038,0.017,2,4
2023-09-01,Product,UAE,13290,0.931,0.046,0.007,14,0
2023-09-01,Product,Japan,11587,0.971,0.026,0.021,12,1
2023-09-01,Pricing,France,9131,0.921,0.011,0.027,13,2
2023-09-01,Pricing,Italy,12854,0.917,0.029,0.028,10,3
2023-09-01,Pricing,USA,12124,0.969,0.03,0.017,8,3
2023-09-01,Pricing,UAE,9262,0.936,0.015,0.013,3,4
2023-09-01,Pricing,Japan,10624,0.921,0.016,0.014,13,1
2023-09-01,SupplyChain,France,14467,0.964,0.039,0.012,4,0
2023-09-01,SupplyChain,Italy,12494,0.935,0.044,0.01,9,4
2023-09-01,SupplyChain,USA,10108,0.923,0.039,0.03,14,2
2023-09-01,SupplyChain,UAE,13181,0.955,0.018,0.03,10,3
2023-09-01,SupplyChain,Japan,13429,0.955,0.036,0.011,1,0
2023-09-01,Finance,France,10265,0.903,0.058,0.026,4,4
2023-09-01,Finance,Italy,8053,0.987,0.054,0.028,9,0
2023-09-01,Finance,USA,9596,0.923,0.036,0.017,0,2
2023-09-01,Finance,UAE,12255,0.942,0.041,0.024,8,0
2023-09-01,Finance,Japan,12675,0.952,0.015,0.027,2,2
2023-10-01,Client,France,8987,0.943,0.012,0.026,9,0
2023-10-01,Client,Italy,13582,0.959,0.038,0.007,7,3
2023-10-01,Client,USA,8974,0.9,0.045,0.006,1,4
2023-10-01,Client,UAE,11387,0.91,0.055,0.03,1,4
2023-10-01,Client,Japan,14367,0.946,0.055,0.019,7,1
2023-10-01,Product,France,14183,0.951,0.023,0.027,2,3
2023-10-01,Product,Italy,14496,0.914,0.018,0.013,12,0
2023-10-01,Product,USA,9716,0.961,0.041,0.024,6,4
2023-10-01,Product,UAE,8556,0.978,0.011,0.026,9,2
2023-10-01,Product,Japan,11508,0.967,0.018,0.025,13,4
2023-10-01,Pricing,France,10012,0.923,0.02,0.007,10,0
2023-10-01,Pricing,Italy,13352,0.957,0.023,0.021,7,4
2023-10-01,Pricing,USA,12770,0.912,0.024,0.005,8,1
2023-10-01,Pricing,UAE,11902,0.935,0.019,0.024,5,3
2023-10-01,Pricing,Japan,9887,0.969,0.057,0.009,11,0
2023-10-01,SupplyChain,France,8885,0.931,0.041,0.006,1,4
2023-10-01,SupplyChain,Italy,12811,0.967,0.017,0.024,6,4
2023-10-01,SupplyChain,USA,8906,0.974,0.029,0.025,10,1
2023-10-01,SupplyChain,UAE,14102,0.94,0.024,0.03,0,2
2023-10-01,SupplyChain,Japan,14540,0.977,0.036,0.026,10,3
2023-10-01,Finance,France,9823,0.907,0.044,0.021,10,2
2023-10-01,Finance,Italy,10896,0.987,0.012,0.023,14,4
2023-10-01,Finance,USA,12026,0.987,0.048,0.016,10,0
2023-10-01,Finance,UAE,12665,0.98,0.021,0.01,0,0
2023-10-01,Finance,Japan,8791,0.933,0.053,0.017,7,3
2023-11-01,Client,France,14573,0.918,0.015,0.009,10,1
2023-11-01,Client,Italy,14131,0.902,0.05,0.012,7,3
2023-11-01,Client,USA,12473,0.955,0.05,0.017,13,0
2023-11-01,Client,UAE,11965,0.962,0.032,0.01,8,3
2023-11-01,Client,Japan,14869,0.952,0.023,0.025,10,4
2023-11-01,Product,France,10768,0.901,0.014,0.015,13,2
2023-11-01,Product,Italy,13420,0.968,0.058,0.028,10,2
2023-11-01,Product,USA,13207,0.913,0.015,0.019,14,3
2023-11-01,Product,UAE,10720,0.95,0.01,0.013,1,0
2023-11-01,Product,Japan,10848,0.979,0.014,0.026,9,1
2023-11-01,Pricing,France,8089,0.962,0.05,0.01,6,3
2023-11-01,Pricing,Italy,13424,0.986,0.016,0.027,8,0
2023-11-01,Pricing,USA,10270,0.949,0.045,0.027,1,3
2023-11-01,Pricing,UAE,11389,0.971,0.041,0.017,10,3
2023-11-01,Pricing,Japan,8207,0.949,0.051,0.016,2,0
2023-11-01,SupplyChain,France,12969,0.939,0.046,0.02,11,4
2023-11-01,SupplyChain,Italy,9560,0.978,0.021,0.029,3,4
2023-11-01,SupplyChain,USA,9927,0.978,0.032,0.006,11,1
2023-11-01,SupplyChain,UAE,9989,0.965,0.021,0.03,8,2
2023-11-01,SupplyChain,Japan,10971,0.918,0.044,0.007,14,0
2023-11-01,Finance,France,8902,0.942,0.053,0.023,12,3
2023-11-01,Finance,Italy,14948,0.931,0.029,0.03,7,1
2023-11-01,Finance,USA,9712,0.946,0.039,0.006,1,3
2023-11-01,Finance,UAE,10625,0.954,0.05,0.021,2,2
2023-11-01,Finance,Japan,12281,0.982,0.021,0.021,7,4
2023-12-01,Client,France,10958,0.921,0.049,0.015,13,1
2023-12-01,Client,Italy,8939,0.934,0.036,0.015,5,4
2023-12-01,Client,USA,12648,0.922,0.054,0.016,7,0
2023-12-01,Client,UAE,11155,0.953,0.018,0.015,8,3
2023-12-01,Client,Japan,10113,0.977,0.01,0.02,11,3
2023-12-01,Product,France,12396,0.921,0.022,0.027,5,1
2023-12-01,Product,Italy,13724,0.93,0.051,0.016,3,2
2023-12-01,Product,USA,14656,0.923,0.028,0.014,10,4
2023-12-01,Product,UAE,10734,0.96,0.034,0.026,11,3
2023-12-01,Product,Japan,9390,0.978,0.02,0.008,1,1
2023-12-01,Pricing,France,8968,0.948,0.057,0.006,6,2
2023-12-01,Pricing,Italy,12293,0.916,0.014,0.008,2,3
2023-12-01,Pricing,USA,12585,0.936,0.034,0.022,13,1
2023-12-01,Pricing,UAE,12312,0.958,0.053,0.016,14,2
2023-12-01,Pricing,Japan,11249,0.931,0.037,0.008,13,4
2023-12-01,SupplyChain,France,12403,0.963,0.02,0.022,1,4
2023-12-01,SupplyChain,Italy,8128,0.966,0.018,0.011,14,1
2023-12-01,SupplyChain,USA,14454,0.988,0.029,0.005,1,0
2023-12-01,SupplyChain,UAE,11719,0.978,0.048,0.008,8,3
2023-12-01,SupplyChain,Japan,14944,0.954,0.057,0.026,4,0
2023-12-01,Finance,France,11673,0.931,0.018,0.02,14,0
2023-12-01,Finance,Italy,11232,0.937,0.054,0.025,12,0
2023-12-01,Finance,USA,9347,0.959,0.048,0.028,2,1
2023-12-01,Finance,UAE,14540,0.972,0.032,0.025,7,0
2023-12-01,Finance,Japan,10772,0.929,0.028,0.015,4,2
2024-01-01,Client,France,10875,0.949,0.04,0.019,2,3
2024-01-01,Client,Italy,14245,0.907,0.04,0.022,9,1
2024-01-01,Client,USA,10989,0.945,0.037,0.029,1,3
2024-01-01,Client,UAE,14772,0.973,0.015,0.009,4,3
2024-01-01,Client,Japan,13859,0.955,0.048,0.025,1,3
2024-01-01,Product,France,12986,0.947,0.051,0.016,14,4
2024-01-01,Product,Italy,13243,0.986,0.043,0.015,3,4
2024-01-01,Product,USA,8140,0.932,0.015,0.017,4,3
2024-01-01,Product,UAE,10541,0.928,0.05,0.018,9,3
2024-01-01,Product,Japan,14813,0.964,0.024,0.015,8,2
2024-01-01,Pricing,France,9286,0.961,0.019,0.018,6,0
2024-01-01,Pricing,Italy,8444,0.923,0.058,0.017,6,0
2024-01-01,Pricing,USA,13291,0.904,0.042,0.029,6,4
2024-01-01,Pricing,UAE,14869,0.953,0.05,0.021,7,1
2024-01-01,Pricing,Japan,13752,0.976,0.055,0.014,9,2
2024-01-01,SupplyChain,France,9316,0.927,0.047,0.026,6,1
2024-01-01,SupplyChain,Italy,8145,0.969,0.017,0.016,4,0
2024-01-01,SupplyChain,USA,8482,0.978,0.034,0.018,5,4
2024-01-01,SupplyChain,UAE,10466,0.955,0.037,0.011,13,4
2024-01-01,SupplyChain,Japan,14652,0.905,0.017,0.012,6,4
2024-01-01,Finance,France,11729,0.936,0.031,0.023,0,2
2024-01-01,Finance,Italy,13094,0.931,0.051,0.02,5,1
2024-01-01,Finance,USA,14431,0.925,0.014,0.007,0,3
2024-01-01,Finance,UAE,14018,0.936,0.028,0.014,6,3
2024-01-01,Finance,Japan,9804,0.947,0.013,0.025,10,4
2024-02-01,Client,France,10823,0.979,0.043,0.018,12,1
2024-02-01,Client,Italy,8341,0.96,0.06,0.022,0,2
2024-02-01,Client,USA,10401,0.94,0.027,0.02,9,3
2024-02-01,Client,UAE,14596,0.916,0.045,0.01,9,0
2024-02-01,Client,Japan,10102,0.968,0.027,0.022,3,2
2024-02-01,Product,France,9679,0.934,0.016,0.029,5,4
2024-02-01,Product,Italy,14099,0.983,0.037,0.026,4,3
2024-02-01,Product,USA,12037,0.923,0.049,0.027,4,3
2024-02-01,Product,UAE,9523,0.964,0.012,0.013,1,4
2024-02-01,Product,Japan,9601,0.934,0.027,0.011,0,2
2024-02-01,Pricing,France,12930,0.936,0.032,0.02,6,2
2024-02-01,Pricing,Italy,8405,0.945,0.06,0.026,9,3
2024-02-01,Pricing,USA,8560,0.91,0.051,0.015,7,1
2024-02-01,Pricing,UAE,13789,0.965,0.017,0.01,13,0
2024-02-01,Pricing,Japan,12494,0.936,0.019,0.022,1,3
2024-02-01,SupplyChain,France,14097,0.958,0.051,0.008,5,0
2024-02-01,SupplyChain,Italy,12259,0.955,0.017,0.027,13,4
2024-02-01,SupplyChain,USA,10946,0.986,0.051,0.022,1,4
2024-02-01,SupplyChain,UAE,8963,0.912,0.058,0.019,11,4
2024-02-01,SupplyChain,Japan,8542,0.946,0.032,0.008,5,4
2024-02-01,Finance,France,12138,0.956,0.043,0.009,2,4
2024-02-01,Finance,Italy,9953,0.941,0.013,0.03,12,0
2024-02-01,Finance,USA,13078,0.922,0.017,0.008,13,2
2024-02-01,Finance,UAE,14406,0.962,0.013,0.018,6,0
2024-02-01,Finance,Japan,10148,0.955,0.025,0.021,11,1
2024-03-01,Client,France,9508,0.98,0.032,0.01,6,2
2024-03-01,Client,Italy,10139,0.943,0.019,0.015,4,1
2024-03-01,Client,USA,13693,0.943,0.011,0.011,9,1
2024-03-01,Client,UAE,14007,0.948,0.021,0.005,1,4
2024-03-01,Client,Japan,10385,0.906,0.012,0.014,0,3
2024-03-01,Product,France,10442,0.941,0.052,0.007,9,3
2024-03-01,Product,Italy,8545,0.929,0.047,0.017,8,4
2024-03-01,Product,USA,9459,0.977,0.03,0.029,0,0
2024-03-01,Product,UAE,14335,0.971,0.026,0.022,11,4
2024-03-01,Product,Japan,9120,0.976,0.012,0.028,4,3
2024-03-01,Pricing,France,8714,0.945,0.029,0.016,0,0
2024-03-01,Pricing,Italy,11926,0.947,0.018,0.023,0,4
2024-03-01,Pricing,USA,9031,0.904,0.014,0.023,12,2
2024-03-01,Pricing,UAE,8407,0.909,0.012,0.018,7,1
2024-03-01,Pricing,Japan,9950,0.927,0.027,0.024,6,2
2024-03-01,SupplyChain,France,14683,0.932,0.031,0.019,5,1
2024-03-01,SupplyChain,Italy,9573,0.907,0.036,0.027,7,0
2024-03-01,SupplyChain,USA,10376,0.934,0.02,0.008,13,3
2024-03-01,SupplyChain,UAE,9613,0.906,0.058,0.017,14,1
2024-03-01,SupplyChain,Japan,13897,0.972,0.025,0.029,5,4
2024-03-01,Finance,France,9716,0.983,0.036,0.02,1,2
2024-03-01,Finance,Italy,8521,0.93,0.056,0.011,8,2
2024-03-01,Finance,USA,12941,0.94,0.041,0.029,13,3
2024-03-01,Finance,UAE,13844,0.961,0.035,0.005,4,2
2024-03-01,Finance,Japan,14265,0.973,0.053,0.026,8,1
2024-04-01,Client,France,10196,0.968,0.033,0.026,7,3
2024-04-01,Client,Italy,9759,0.916,0.037,0.03,5,3
2024-04-01,Client,USA,11868,0.966,0.015,0.022,3,2
2024-04-01,Client,UAE,11678,0.944,0.018,0.014,5,2
2024-04-01,Client,Japan,10468,0.953,0.035,0.012,2,4
2024-04-01,Product,France,13149,0.979,0.042,0.024,14,1
2024-04-01,Product,Italy,11727,0.973,0.047,0.027,3,2
2024-04-01,Product,USA,13343,0.979,0.043,0.013,4,2
2024-04-01,Product,UAE,8922,0.962,0.029,0.018,3,1
2024-04-01,Product,Japan,10649,0.976,0.052,0.005,8,1
2024-04-01,Pricing,France,10634,0.968,0.052,0.017,2,4
2024-04-01,Pricing,Italy,8697,0.933,0.032,0.023,7,2
2024-04-01,Pricing,USA,9828,0.96,0.01,0.009,9,3
2024-04-01,Pricing,UAE,12283,0.971,0.015,0.02,3,4
2024-04-01,Pricing,Japan,12621,0.965,0.015,0.011,3,3
2024-04-01,SupplyChain,France,11959,0.954,0.044,0.025,14,3
2024-04-01,SupplyChain,Italy,12155,0.929,0.042,0.009,7,4
2024-04-01,SupplyChain,USA,13195,0.971,0.045,0.025,2,4
2024-04-01,SupplyChain,UAE,12835,0.911,0.047,0.011,14,3
2024-04-01,SupplyChain,Japan,9136,0.954,0.047,0.03,11,4
2024-04-01,Finance,France,12256,0.938,0.042,0.025,10,3
2024-04-01,Finance,Italy,8074,0.967,0.058,0.01,3,4
2024-04-01,Finance,USA,8137,0.93,0.011,0.006,13,4
2024-04-01,Finance,UAE,10757,0.947,0.025,0.029,9,2
2024-04-01,Finance,Japan,13017,0.979,0.052,0.01,0,4
2024-05-01,Client,France,8703,0.943,0.017,0.007,6,1
2024-05-01,Client,Italy,10978,0.939,0.046,0.024,5,3
2024-05-01,Client,USA,12283,0.936,0.056,0.017,4,3
2024-05-01,Client,UAE,12713,0.925,0.023,0.011,11,1
2024-05-01,Client,Japan,11471,0.968,0.032,0.024,11,0
2024-05-01,Product,France,13932,0.977,0.012,0.02,10,0
2024-05-01,Product,Italy,14339,0.928,0.049,0.007,14,1
2024-05-01,Product,USA,8671,0.96,0.058,0.019,6,4
2024-05-01,Product,UAE,9449,0.975,0.049,0.021,4,1
2024-05-01,Product,Japan,14164,0.923,0.043,0.01,7,0
2024-05-01,Pricing,France,9938,0.928,0.057,0.029,12,0
2024-05-01,Pricing,Italy,14304,0.914,0.021,0.011,6,0
2024-05-01,Pricing,USA,12688,0.988,0.021,0.015,10,0
2024-05-01,Pricing,UAE,14566,0.964,0.037,0.007,5,1
2024-05-01,Pricing,Japan,11648,0.939,0.017,0.022,8,1
2024-05-01,SupplyChain,France,14985,0.942,0.031,0.021,5,3
2024-05-01,SupplyChain,Italy,8343,0.971,0.016,0.014,2,2
2024-05-01,SupplyChain,USA,9854,0.945,0.027,0.027,9,3
2024-05-01,SupplyChain,UAE,13997,0.968,0.011,0.008,14,3
2024-05-01,SupplyChain,Japan,14747,0.923,0.057,0.019,11,1
2024-05-01,Finance,France,12976,0.902,0.013,0.017,7,3
2024-05-01,Finance,Italy,9577,0.945,0.015,0.021,8,2
2024-05-01,Finance,USA,13297,0.908,0.032,0.01,11,1
2024-05-01,Finance,UAE,8007,0.926,0.05,0.019,4,0
2024-05-01,Finance,Japan,12654,0.918,0.055,0.018,11,3
2024-06-01,Client,France,11525,0.971,0.026,0.026,2,2
2024-06-01,Client,Italy,13745,0.915,0.035,0.02,6,4
2024-06-01,Client,USA,14011,0.974,0.026,0.025,13,2
2024-06-01,Client,UAE,10591,0.911,0.047,0.013,0,4
2024-06-01,Client,Japan,9910,0.911,0.046,0.013,11,1
2024-06-01,Product,France,13854,0.959,0.016,0.022,2,0
2024-06-01,Product,Italy,10243,0.965,0.055,0.007,4,2
2024-06-01,Product,USA,14844,0.93,0.025,0.028,5,2
2024-06-01,Product,UAE,13514,0.981,0.043,0.013,7,1
2024-06-01,Product,Japan,13077,0.975,0.027,0.009,4,3
2024-06-01,Pricing,France,11831,0.908,0.046,0.016,1,0
2024-06-01,Pricing,Italy,14450,0.941,0.047,0.021,5,0
2024-06-01,Pricing,USA,14980,0.973,0.052,0.011,0,3
2024-06-01,Pricing,UAE,10940,0.961,0.026,0.022,11,0
2024-06-01,Pricing,Japan,13779,0.92,0.052,0.012,14,2
2024-06-01,SupplyChain,France,14659,0.978,0.021,0.014,4,2
2024-06-01,SupplyChain,Italy,9336,0.927,0.043,0.028,11,0
2024-06-01,SupplyChain,USA,12646,0.973,0.013,0.027,2,0
2024-06-01,SupplyChain,UAE,12741,0.96,0.038,0.008,7,3
2024-06-01,SupplyChain,Japan,12596,0.949,0.029,0.029,13,2
2024-06-01,Finance,France,8595,0.902,0.031,0.006,5,0
2024-06-01,Finance,Italy,12178,0.988,0.051,0.022,11,3
2024-06-01,Finance,USA,10220,0.987,0.046,0.013,6,0
2024-06-01,Finance,UAE,9531,0.957,0.032,0.01,4,4
2024-06-01,Finance,Japan,10723,0.909,0.022,0.005,7,3
2024-07-01,Client,France,14232,0.974,0.014,0.011,13,0
2024-07-01,Client,Italy,13827,0.906,0.054,0.027,12,0
2024-07-01,Client,USA,13751,0.917,0.014,0.011,0,3
2024-07-01,Client,UAE,13154,0.924,0.049,0.019,4,4
2024-07-01,Client,Japan,13423,0.975,0.04,0.008,12,0
2024-07-01,Product,France,11516,0.903,0.053,0.007,0,4
2024-07-01,Product,Italy,8342,0.939,0.026,0.016,14,0
2024-07-01,Product,USA,12754,0.98,0.032,0.02,2,3
2024-07-01,Product,UAE,12600,0.963,0.022,0.018,11,3
2024-07-01,Product,Japan,13525,0.971,0.059,0.012,7,1
2024-07-01,Pricing,France,10394,0.967,0.035,0.021,5,0
2024-07-01,Pricing,Italy,11793,0.933,0.034,0.006,7,2
2024-07-01,Pricing,USA,11451,0.942,0.033,0.017,2,2
2024-07-01,Pricing,UAE,9455,0.925,0.02,0.018,5,0
2024-07-01,Pricing,Japan,9325,0.904,0.052,0.026,0,1
2024-07-01,SupplyChain,France,13926,0.972,0.039,0.018,10,0
2024-07-01,SupplyChain,Italy,9800,0.974,0.024,0.025,4,2
2024-07-01,SupplyChain,USA,11642,0.946,0.054,0.017,10,2
2024-07-01,SupplyChain,UAE,13002,0.912,0.024,0.015,11,2
2024-07-01,SupplyChain,Japan,11403,0.979,0.044,0.011,12,0
2024-07-01,Finance,France,11372,0.965,0.058,0.023,8,2
2024-07-01,Finance,Italy,8173,0.905,0.023,0.006,14,3
2024-07-01,Finance,USA,14993,0.923,0.043,0.025,3,1
2024-07-01,Finance,UAE,14628,0.911,0.031,0.024,0,3
2024-07-01,Finance,Japan,11449,0.929,0.047,0.015,12,0
2024-08-01,Client,France,8201,0.933,0.04,0.005,1,2
2024-08-01,Client,Italy,11189,0.91,0.018,0.009,5,2
2024-08-01,Client,USA,12724,0.981,0.013,0.018,7,1
2024-08-01,Client,UAE,13200,0.963,0.037,0.016,6,4
2024-08-01,Client,Japan,9998,0.904,0.016,0.019,14,0
2024-08-01,Product,France,9431,0.959,0.052,0.022,1,3
2024-08-01,Product,Italy,10658,0.907,0.037,0.027,13,3
2024-08-01,Product,USA,11435,0.972,0.051,0.026,14,0
2024-08-01,Product,UAE,11134,0.909,0.054,0.005,10,0
2024-08-01,Product,Japan,9141,0.964,0.044,0.014,7,3
2024-08-01,Pricing,France,10980,0.958,0.012,0.024,14,3
2024-08-01,Pricing,Italy,13906,0.902,0.042,0.021,10,2
2024-08-01,Pricing,USA,12221,0.954,0.015,0.026,7,1
2024-08-01,Pricing,UAE,11759,0.92,0.059,0.016,3,0
2024-08-01,Pricing,Japan,9900,0.987,0.021,0.029,2,2
2024-08-01,SupplyChain,France,12652,0.935,0.012,0.006,10,1
2024-08-01,SupplyChain,Italy,11634,0.902,0.048,0.016,13,1
2024-08-01,SupplyChain,USA,14628,0.975,0.029,0.014,2,3
2024-08-01,SupplyChain,UAE,8785,0.974,0.059,0.012,14,3
2024-08-01,SupplyChain,Japan,9936,0.935,0.027,0.019,4,0
2024-08-01,Finance,France,10352,0.948,0.018,0.011,6,2
2024-08-01,Finance,Italy,13673,0.974,0.045,0.009,4,3
2024-08-01,Finance,USA,9556,0.987,0.038,0.014,11,4
2024-08-01,Finance,UAE,14626,0.914,0.051,0.01,12,0
2024-08-01,Finance,Japan,11170,0.979,0.041,0.019,9,2
2024-09-01,Client,France,12260,0.966,0.017,0.026,4,3
2024-09-01,Client,Italy,9909,0.92,0.058,0.028,10,4
2024-09-01,Client,USA,11630,0.978,0.017,0.025,11,4
2024-09-01,Client,UAE,8976,0.961,0.033,0.006,5,0
2024-09-01,Client,Japan,8882,0.942,0.059,0.017,5,1
2024-09-01,Product,France,13347,0.926,0.02,0.024,14,2
2024-09-01,Product,Italy,12810,0.983,0.028,0.023,4,2
2024-09-01,Product,USA,12177,0.94,0.04,0.02,6,4
2024-09-01,Product,UAE,12258,0.918,0.015,0.026,0,0
2024-09-01,Product,Japan,12976,0.927,0.022,0.013,2,2
2024-09-01,Pricing,France,14980,0.946,0.041,0.028,1,4
2024-09-01,Pricing,Italy,13845,0.965,0.045,0.008,13,4
2024-09-01,Pricing,USA,9999,0.974,0.027,0.023,13,0
2024-09-01,Pricing,UAE,11234,0.99,0.044,0.026,6,2
2024-09-01,Pricing,Japan,9088,0.931,0.042,0.007,12,4
2024-09-01,SupplyChain,France,10235,0.959,0.048,0.026,1,0
2024-09-01,SupplyChain,Italy,12897,0.907,0.03,0.015,5,2
2024-09-01,SupplyChain,USA,11426,0.949,0.042,0.019,1,4
2024-09-01,SupplyChain,UAE,11644,0.909,0.053,0.022,0,1
2024-09-01,SupplyChain,Japan,14465,0.907,0.03,0.012,11,1
2024-09-01,Finance,France,10342,0.936,0.025,0.009,6,2
2024-09-01,Finance,Italy,11701,0.929,0.034,0.011,8,4
2024-09-01,Finance,USA,10828,0.954,0.028,0.021,5,0
2024-09-01,Finance,UAE,8182,0.945,0.032,0.02,7,3
2024-09-01,Finance,Japan,8659,0.961,0.022,0.023,3,4
2024-10-01,Client,France,14551,0.926,0.038,0.008,10,1
2024-10-01,Client,Italy,9035,0.945,0.024,0.008,1,2
2024-10-01,Client,USA,13835,0.936,0.015,0.01,12,1
2024-10-01,Client,UAE,9809,0.925,0.045,0.007,1,0
2024-10-01,Client,Japan,10437,0.922,0.047,0.013,10,0
2024-10-01,Product,France,10624,0.912,0.038,0.027,3,3
2024-10-01,Product,Italy,8818,0.939,0.055,0.014,11,2
2024-10-01,Product,USA,11492,0.91,0.012,0.019,11,2
2024-10-01,Product,UAE,11800,0.963,0.01,0.009,4,2
2024-10-01,Product,Japan,13220,0.987,0.048,0.029,14,0
2024-10-01,Pricing,France,9629,0.924,0.034,0.021,4,1
2024-10-01,Pricing,Italy,13008,0.932,0.058,0.018,8,2
2024-10-01,Pricing,USA,11374,0.91,0.042,0.024,8,3
2024-10-01,Pricing,UAE,13574,0.969,0.031,0.026,14,1
2024-10-01,Pricing,Japan,12744,0.959,0.034,0.027,0,3
2024-10-01,SupplyChain,France,10668,0.968,0.012,0.015,7,3
2024-10-01,SupplyChain,Italy,14417,0.966,0.059,0.006,11,0
2024-10-01,SupplyChain,USA,8355,0.908,0.012,0.022,0,1
2024-10-01,SupplyChain,UAE,14708,0.924,0.052,0.005,4,1
2024-10-01,SupplyChain,Japan,10005,0.964,0.057,0.006,2,0
2024-10-01,Finance,France,11851,0.954,0.01,0.017,3,1
2024-10-01,Finance,Italy,11259,0.936,0.048,0.016,14,0
2024-10-01,Finance,USA,10151,0.912,0.053,0.019,9,2
2024-10-01,Finance,UAE,10222,0.973,0.016,0.012,4,0
2024-10-01,Finance,Japan,8032,0.967,0.021,0.021,11,2
2024-11-01,Client,France,14516,0.958,0.059,0.026,8,2
2024-11-01,Client,Italy,14919,0.97,0.049,0.016,5,2
2024-11-01,Client,USA,8643,0.981,0.046,0.028,1,3
2024-11-01,Client,UAE,11276,0.967,0.034,0.006,9,0
2024-11-01,Client,Japan,8630,0.971,0.06,0.019,14,3
2024-11-01,Product,France,8277,0.933,0.021,0.01,9,0
2024-11-01,Product,Italy,8025,0.976,0.026,0.012,12,4
2024-11-01,Product,USA,14599,0.957,0.029,0.022,10,0
2024-11-01,Product,UAE,9072,0.985,0.027,0.023,8,0
2024-11-01,Product,Japan,12781,0.906,0.017,0.005,3,0
2024-11-01,Pricing,France,14602,0.904,0.031,0.013,1,4
2024-11-01,Pricing,Italy,13241,0.961,0.014,0.012,5,1
2024-11-01,Pricing,USA,14857,0.916,0.033,0.019,5,4
2024-11-01,Pricing,UAE,10567,0.919,0.012,0.026,10,4
2024-11-01,Pricing,Japan,14193,0.977,0.022,0.029,3,2
2024-11-01,SupplyChain,France,9275,0.99,0.046,0.03,8,3
2024-11-01,SupplyChain,Italy,13258,0.941,0.056,0.009,5,1
2024-11-01,SupplyChain,USA,14297,0.901,0.051,0.023,12,1
2024-11-01,SupplyChain,UAE,9296,0.986,0.036,0.029,6,4
2024-11-01,SupplyChain,Japan,10409,0.943,0.046,0.011,0,2
2024-11-01,Finance,France,13158,0.97,0.058,0.024,12,3
2024-11-01,Finance,Italy,12232,0.975,0.049,0.014,11,1
2024-11-01,Finance,USA,11326,0.957,0.021,0.013,1,2
2024-11-01,Finance,UAE,10837,0.939,0.011,0.017,12,4
2024-11-01,Finance,Japan,12105,0.981,0.018,0.03,1,2
2024-12-01,Client,France,10176,0.904,0.048,0.014,3,3
2024-12-01,Client,Italy,8628,0.903,0.013,0.016,9,0
2024-12-01,Client,USA,12369,0.989,0.029,0.019,1,3
2024-12-01,Client,UAE,11008,0.922,0.02,0.028,3,1
2024-12-01,Client,Japan,12410,0.92,0.012,0.006,0,1
2024-12-01,Product,France,9772,0.92,0.032,0.023,7,2
2024-12-01,Product,Italy,8660,0.947,0.048,0.012,11,1
2024-12-01,Product,USA,12647,0.936,0.048,0.026,3,1
2024-12-01,Product,UAE,10675,0.918,0.023,0.012,6,3
2024-12-01,Product,Japan,11565,0.906,0.013,0.029,4,0
2024-12-01,Pricing,France,14850,0.909,0.051,0.006,3,1
2024-12-01,Pricing,Italy,14108,0.969,0.043,0.009,8,0
2024-12-01,Pricing,USA,14614,0.904,0.025,0.028,14,4
2024-12-01,Pricing,UAE,12776,0.9,0.031,0.018,4,0
2024-12-01,Pricing,Japan,9673,0.918,0.02,0.005,3,2
2024-12-01,SupplyChain,France,8383,0.9,0.046,0.029,5,2
2024-12-01,SupplyChain,Italy,13630,0.958,0.031,0.024,9,1
2024-12-01,SupplyChain,USA,11613,0.929,0.046,0.025,13,0
2024-12-01,SupplyChain,UAE,12591,0.981,0.05,0.03,7,4
2024-12-01,SupplyChain,Japan,8309,0.953,0.043,0.007,14,1
2024-12-01,Finance,France,11273,0.902,0.023,0.018,0,2
2024-12-01,Finance,Italy,11551,0.904,0.023,0.02,3,0
2024-12-01,Finance,USA,13754,0.968,0.015,0.018,8,2
2024-12-01,Finance,UAE,11875,0.988,0.032,0.009,14,2
2024-12-01,Finance,Japan,11072,0.911,0.016,0.026,8,0
